Comune;Codice ISTAT;Abitanti;Positivi;Rapporto;Data
Antrona Schieranco;103001;-1;6;14.319999694824219;2021/03/21
Anzola d'Ossola;103002;-1;3;7.369999885559082;2021/03/21
Arizzano;103003;-1;29;14.40999984741211;2021/03/21
Arola;103004;-1;0;0;2021/03/21
Aurano;103005;-1;0;0;2021/03/21
Baceno;103006;-1;4;4.460000038146973;2021/03/21
Bannio Anzino;103007;-1;11;23.010000228881836;2021/03/21
Baveno;103008;-1;16;3.25;2021/03/21
Bee;103009;-1;2;2.6500000953674316;2021/03/21
Belgirate;103010;-1;3;5.960000038146973;2021/03/21
Beura-Cardezza;103011;-1;12;8.170000076293945;2021/03/21
Bognanco;103012;-1;3;15.960000038146973;2021/03/21
Brovello-Carpugnino;103013;-1;1;1.409999966621399;2021/03/21
Calasca-Castiglione;103014;-1;6;9.819999694824219;2021/03/21
Cambiasca;103015;-1;4;2.4600000381469727;2021/03/21
Cannero Riviera;103016;-1;1;1.100000023841858;2021/03/21
Cannobio;103017;-1;5;0.9800000190734863;2021/03/21
Caprezzo;103018;-1;0;0;2021/03/21
Casale Corte Cerro;103019;-1;8;2.309999942779541;2021/03/21
Ceppo Morelli;103021;-1;1;3.369999885559082;2021/03/21
Cesara;103022;-1;1;1.6799999475479126;2021/03/21
Cossogno;103023;-1;0;0;2021/03/21
Craveggia;103024;-1;7;9.1899995803833;2021/03/21
Crevoladossola;103025;-1;37;8.039999961853027;2021/03/21
Crodo;103026;-1;5;3.5799999237060547;2021/03/21
Domodossola;103028;-1;156;8.600000381469727;2021/03/21
Druogno;103029;-1;12;11.279999732971191;2021/03/21
Formazza;103031;-1;1;2.259999990463257;2021/03/21
Germagno;103032;-1;1;5.260000228881836;2021/03/21
Ghiffa;103033;-1;11;4.670000076293945;2021/03/21
Gignese;103034;-1;1;0.949999988079071;2021/03/21
Gravellona Toce;103035;-1;37;4.739999771118164;2021/03/21
Gurro;103036;-1;0;0;2021/03/21
Intragna;103037;-1;1;9.260000228881836;2021/03/21
Loreglia;103038;-1;1;4.289999961853027;2021/03/21
Macugnaga;103039;-1;2;3.690000057220459;2021/03/21
Madonna del Sasso;103040;-1;7;17.280000686645508;2021/03/21
Malesco;103041;-1;11;7.980000019073486;2021/03/21
Masera;103042;-1;6;4.059999942779541;2021/03/21
Massiola;103043;-1;0;0;2021/03/21
Mergozzo;103044;-1;9;4.159999847412109;2021/03/21
Miazzina;103045;-1;0;0;2021/03/21
Montecrestese;103046;-1;4;3.140000104904175;2021/03/21
Montescheno;103047;-1;11;28.059999465942383;2021/03/21
Nonio;103048;-1;6;6.96999979019165;2021/03/21
Oggebbio;103049;-1;4;4.579999923706055;2021/03/21
Omegna;103050;-1;95;6.25;2021/03/21
Ornavasso;103051;-1;21;6.110000133514404;2021/03/21
Pallanzeno;103052;-1;8;6.96999979019165;2021/03/21
Piedimulera;103053;-1;15;9.859999656677246;2021/03/21
Pieve Vergonte;103054;-1;25;9.930000305175781;2021/03/21
Premeno;103055;-1;6;8.220000267028809;2021/03/21
Premia;103056;-1;3;5.420000076293945;2021/03/21
Premosello-Chiovenda;103057;-1;5;2.5799999237060547;2021/03/21
Quarna Sopra;103058;-1;1;3.9700000286102295;2021/03/21
Quarna Sotto;103059;-1;4;10.390000343322754;2021/03/21
Re;103060;-1;10;13.59000015258789;2021/03/21
San Bernardino Verbano;103061;-1;8;6.070000171661377;2021/03/21
Santa Maria Maggiore;103062;-1;23;17.799999237060547;2021/03/21
Stresa;103064;-1;18;3.700000047683716;2021/03/21
Toceno;103065;-1;9;12.350000381469727;2021/03/21
Trarego Viggiona;103066;-1;2;4.800000190734863;2021/03/21
Trasquera;103067;-1;0;0;2021/03/21
Trontano;103068;-1;25;14.979999542236328;2021/03/21
Valstrona;103069;-1;7;5.760000228881836;2021/03/21
Vanzone con San Carlo;103070;-1;5;13.09000015258789;2021/03/21
Varzo;103071;-1;19;9.420000076293945;2021/03/21
Verbania;103072;-1;131;4.289999961853027;2021/03/21
Vignone;103074;-1;8;6.690000057220459;2021/03/21
Villadossola;103075;-1;88;13.489999771118164;2021/03/21
Villette;103076;-1;8;28.780000686645508;2021/03/21
Vogogna;103077;-1;9;5.130000114440918;2021/03/21
Borgomezzavalle;103078;-1;5;15.869999885559082;2021/03/21
Valle Cannobina;103079;-1;0;0;2021/03/21
Valdilana;096088;-1;57;5.269999980926514;2021/03/21
Quaregna Cerreto;096087;-1;10;4.900000095367432;2021/03/21
Campiglia Cervo;096086;-1;1;1.9900000095367432;2021/03/21
Lessona;096085;-1;5;1.840000033378601;2021/03/21
Zumaglia;096083;-1;1;0.9800000190734863;2021/03/21
Zubiena;096082;-1;6;5.230000019073486;2021/03/21
Zimone;096081;-1;1;2.509999990463257;2021/03/21
Viverone;096080;-1;6;4.25;2021/03/21
Villanova Biellese;096079;-1;1;5.409999847412109;2021/03/21
Villa del Bosco;096078;-1;1;2.990000009536743;2021/03/21
Vigliano Biellese;096077;-1;46;6;2021/03/21
Verrone;096076;-1;11;8.819999694824219;2021/03/21
Veglio;096075;-1;2;4.190000057220459;2021/03/21
Valle San Nicolao;096074;-1;3;3.1500000953674316;2021/03/21
Vallanzengo;096072;-1;0;0;2021/03/21
Valdengo;096071;-1;15;6.099999904632568;2021/03/21
Torrazzo;096069;-1;0;0;2021/03/21
Tollegno;096068;-1;5;2.0399999618530273;2021/03/21
Ternengo;096067;-1;2;7.139999866485596;2021/03/21
Tavigliano;096066;-1;1;1.0800000429153442;2021/03/21
Strona;096065;-1;0;0;2021/03/21
Sostegno;096064;-1;2;2.5999999046325684;2021/03/21
Sordevolo;096063;-1;4;2.9800000190734863;2021/03/21
Sandigliano;096059;-1;13;4.869999885559082;2021/03/21
Salussola;096058;-1;8;4.159999847412109;2021/03/21
Sala Biellese;096057;-1;0;0;2021/03/21
Sagliano Micca;096056;-1;1;0.6200000047683716;2021/03/21
Rosazza;096055;-1;0;0;2021/03/21
Roppolo;096054;-1;9;10.229999542236328;2021/03/21
Ronco Biellese;096053;-1;14;9.279999732971191;2021/03/21
Pray;096050;-1;4;1.8899999856948853;2021/03/21
Pralungo;096049;-1;3;1.2699999809265137;2021/03/21
Portula;096048;-1;5;4.190000057220459;2021/03/21
Ponderano;096047;-1;20;5.289999961853027;2021/03/21
Pollone;096046;-1;4;1.8899999856948853;2021/03/21
Piedicavallo;096044;-1;0;0;2021/03/21
Piatto;096043;-1;12;23.809999465942383;2021/03/21
Pettinengo;096042;-1;4;2.630000114440918;2021/03/21
Occhieppo Superiore;096041;-1;7;2.5999999046325684;2021/03/21
Occhieppo Inferiore;096040;-1;11;2.819999933242798;2021/03/21
Netro;096039;-1;0;0;2021/03/21
Muzzano;096038;-1;0;0;2021/03/21
Mottalciata;096037;-1;7;5.170000076293945;2021/03/21
Mongrando;096035;-1;24;6.329999923706055;2021/03/21
Miagliano;096034;-1;1;1.75;2021/03/21
Mezzana Mortigliengo;096033;-1;2;3.990000009536743;2021/03/21
Masserano;096032;-1;7;3.3399999141693115;2021/03/21
Massazza;096031;-1;5;8.979999542236328;2021/03/21
Magnano;096030;-1;0;0;2021/03/21
Graglia;096028;-1;5;3.299999952316284;2021/03/21
Gifflenga;096027;-1;0;0;2021/03/21
Gaglianico;096026;-1;9;2.4100000858306885;2021/03/21
Dorzano;096025;-1;4;7.53000020980835;2021/03/21
Donato;096024;-1;1;1.3899999856948853;2021/03/21
Curino;096023;-1;0;0;2021/03/21
Crevacuore;096021;-1;3;2;2021/03/21
Cossato;096020;-1;51;3.509999990463257;2021/03/21
Coggiola;096019;-1;7;3.890000104904175;2021/03/21
Cerrione;096018;-1;9;3.119999885559082;2021/03/21
Cavaglià;096016;-1;27;7.449999809265137;2021/03/21
Castelletto Cervo;096015;-1;1;1.2200000286102295;2021/03/21
Casapinta;096014;-1;3;7.159999847412109;2021/03/21
Caprile;096013;-1;0;0;2021/03/21
Candelo;096012;-1;32;4.25;2021/03/21
Camburzano;096010;-1;4;3.4700000286102295;2021/03/21
Camandona;096009;-1;0;0;2021/03/21
Callabiana;096008;-1;0;0;2021/03/21
Brusnengo;096007;-1;5;2.4800000190734863;2021/03/21
Borriana;096006;-1;1;1.1399999856948853;2021/03/21
Bioglio;096005;-1;2;2.259999990463257;2021/03/21
Biella;096004;-1;154;3.5;2021/03/21
Benna;096003;-1;11;9.390000343322754;2021/03/21
Andorno Micca;096002;-1;14;4.409999847412109;2021/03/21
Ailoche;096001;-1;3;9.170000076293945;2021/03/21
Lu e Cuccaro Monferrato;006193;-1;1;0.7099999785423279;2021/03/21
Alluvioni Piovera;006192;-1;9;5.179999828338623;2021/03/21
Cassano Spinola;006191;-1;7;3.880000114440918;2021/03/21
Voltaggio;006190;-1;0;0;2021/03/21
Volpeglino;006189;-1;0;0;2021/03/21
Volpedo;006188;-1;0;0;2021/03/21
Visone;006187;-1;3;2.430000066757202;2021/03/21
Villaromagnano;006186;-1;2;2.990000009536743;2021/03/21
Villanova Monferrato;006185;-1;1;0.5400000214576721;2021/03/21
Villamiroglio;006184;-1;4;13.069999694824219;2021/03/21
Villalvernia;006183;-1;5;5.610000133514404;2021/03/21
Villadeati;006182;-1;2;4.110000133514404;2021/03/21
Viguzzolo;006181;-1;9;2.9100000858306885;2021/03/21
Vignole Borbera;006180;-1;4;1.9299999475479126;2021/03/21
Vignale Monferrato;006179;-1;2;2.0399999618530273;2021/03/21
Valmacca;006178;-1;1;1;2021/03/21
Valenza;006177;-1;53;2.8399999141693115;2021/03/21
Trisobbio;006176;-1;3;4.420000076293945;2021/03/21
Treville;006175;-1;0;0;2021/03/21
Tortona;006174;-1;72;2.640000104904175;2021/03/21
Ticineto;006173;-1;5;3.75;2021/03/21
Terzo;006172;-1;3;3.5299999713897705;2021/03/21
Terruggia;006171;-1;11;11.850000381469727;2021/03/21
Tassarolo;006170;-1;4;6.369999885559082;2021/03/21
Tagliolo Monferrato;006169;-1;10;6.489999771118164;2021/03/21
Strevi;006168;-1;5;2.559999942779541;2021/03/21
Stazzano;006167;-1;30;12.529999732971191;2021/03/21
Spineto Scrivia;006166;-1;1;2.7200000286102295;2021/03/21
Spigno Monferrato;006165;-1;0;0;2021/03/21
Solonghello;006164;-1;0;0;2021/03/21
Solero;006163;-1;9;5.409999847412109;2021/03/21
Silvano d'Orba;006162;-1;14;7.239999771118164;2021/03/21
Sezzadio;006161;-1;2;1.590000033378601;2021/03/21
Serravalle Scrivia;006160;-1;30;4.989999771118164;2021/03/21
Serralunga di Crea;006159;-1;1;1.8700000047683716;2021/03/21
Sarezzano;006158;-1;0;0;2021/03/21
Sardigliano;006157;-1;4;10.130000114440918;2021/03/21
Sant'Agata Fossili;006156;-1;2;5;2021/03/21
San Sebastiano Curone;006155;-1;0;0;2021/03/21
San Salvatore Monferrato;006154;-1;6;1.4199999570846558;2021/03/21
San Giorgio Monferrato;006153;-1;4;3.2899999618530273;2021/03/21
San Cristoforo;006152;-1;5;8.619999885559082;2021/03/21
Sale;006151;-1;13;3.2200000286102295;2021/03/21
Sala Monferrato;006150;-1;5;14.970000267028809;2021/03/21
Rosignano Monferrato;006149;-1;12;7.940000057220459;2021/03/21
Rocchetta Ligure;006148;-1;0;0;2021/03/21
Rocca Grimalda;006147;-1;11;7.460000038146973;2021/03/21
Roccaforte Ligure;006146;-1;0;0;2021/03/21
Rivarone;006145;-1;0;0;2021/03/21
Rivalta Bormida;006144;-1;4;2.8499999046325684;2021/03/21
Ricaldone;006143;-1;0;0;2021/03/21
Quattordio;006142;-1;1;0.6299999952316284;2021/03/21
Quargnento;006141;-1;1;0.7099999785423279;2021/03/21
Predosa;006140;-1;13;6.579999923706055;2021/03/21
Prasco;006139;-1;2;4.070000171661377;2021/03/21
Pozzolo Formigaro;006138;-1;21;4.5;2021/03/21
Pozzol Groppo;006137;-1;1;3.440000057220459;2021/03/21
Ponzone;006136;-1;3;2.9600000381469727;2021/03/21
Ponzano Monferrato;006135;-1;0;0;2021/03/21
Ponti;006134;-1;0;0;2021/03/21
Pontestura;006133;-1;5;3.5199999809265137;2021/03/21
Pontecurone;006132;-1;2;0.5600000023841858;2021/03/21
Pomaro Monferrato;006131;-1;0;0;2021/03/21
Pietra Marazzi;006129;-1;1;1.1100000143051147;2021/03/21
Pecetto di Valenza;006128;-1;0;0;2021/03/21
Pasturana;006127;-1;6;4.699999809265137;2021/03/21
Parodi Ligure;006126;-1;3;4.619999885559082;2021/03/21
Pareto;006125;-1;0;0;2021/03/21
Paderna;006124;-1;2;10.579999923706055;2021/03/21
Ozzano Monferrato;006123;-1;2;1.4299999475479126;2021/03/21
Oviglio;006122;-1;7;5.670000076293945;2021/03/21
Ovada;006121;-1;48;4.25;2021/03/21
Ottiglio;006120;-1;2;3.259999990463257;2021/03/21
Orsara Bormida;006119;-1;6;14.930000305175781;2021/03/21
Olivola;006118;-1;0;0;2021/03/21
Odalengo Piccolo;006117;-1;4;15.6899995803833;2021/03/21
Odalengo Grande;006116;-1;1;2.359999895095825;2021/03/21
Occimiano;006115;-1;2;1.5499999523162842;2021/03/21
Novi Ligure;006114;-1;125;4.420000076293945;2021/03/21
Murisengo;006113;-1;8;5.869999885559082;2021/03/21
Morsasco;006112;-1;2;3.180000066757202;2021/03/21
Mornese;006111;-1;8;11.100000381469727;2021/03/21
Morbello;006110;-1;1;2.369999885559082;2021/03/21
Morano sul Po;006109;-1;5;3.5999999046325684;2021/03/21
Montemarzino;006108;-1;0;0;2021/03/21
Montegioco;006107;-1;0;0;2021/03/21
Montechiaro d'Acqui;006106;-1;7;13.039999961853027;2021/03/21
Montecastello;006105;-1;0;0;2021/03/21
Montaldo Bormida;006104;-1;10;15.699999809265137;2021/03/21
Montaldeo;006103;-1;2;8.029999732971191;2021/03/21
Montacuto;006102;-1;0;0;2021/03/21
Monleale;006101;-1;1;1.7699999809265137;2021/03/21
Mongiardino Ligure;006100;-1;0;0;2021/03/21
Moncestino;006099;-1;0;0;2021/03/21
Momperone;006098;-1;0;0;2021/03/21
Mombello Monferrato;006097;-1;7;6.929999828338623;2021/03/21
Molino dei Torti;006096;-1;0;0;2021/03/21
Molare;006095;-1;4;1.940000057220459;2021/03/21
Mirabello Monferrato;006094;-1;2;1.5299999713897705;2021/03/21
Merana;006093;-1;0;0;2021/03/21
Melazzo;006092;-1;1;0.7699999809265137;2021/03/21
Masio;006091;-1;0;0;2021/03/21
Malvicino;006090;-1;0;0;2021/03/21
Lerma;006088;-1;3;3.6600000858306885;2021/03/21
Isola Sant'Antonio;006087;-1;2;2.9200000762939453;2021/03/21
Guazzora;006086;-1;1;3.299999952316284;2021/03/21
Grondona;006085;-1;4;8.180000305175781;2021/03/21
Grognardo;006084;-1;0;0;2021/03/21
Gremiasco;006083;-1;0;0;2021/03/21
Giarole;006082;-1;0;0;2021/03/21
Gavi;006081;-1;42;9.34000015258789;2021/03/21
Garbagna;006079;-1;0;0;2021/03/21
Gamalero;006078;-1;0;0;2021/03/21
Gabiano;006077;-1;12;10.960000038146973;2021/03/21
Fubine Monferrato;006076;-1;2;1.25;2021/03/21
Frugarolo;006075;-1;14;7.170000076293945;2021/03/21
Fresonara;006074;-1;2;2.990000009536743;2021/03/21
Frassineto Po;006073;-1;2;1.4500000476837158;2021/03/21
Frassinello Monferrato;006072;-1;1;2;2021/03/21
Frascaro;006071;-1;1;2.309999942779541;2021/03/21
Francavilla Bisio;006070;-1;1;1.9800000190734863;2021/03/21
Fraconalto;006069;-1;2;6.309999942779541;2021/03/21
Felizzano;006068;-1;5;2.2200000286102295;2021/03/21
Fabbrica Curone;006067;-1;0;0;2021/03/21
Dernice;006066;-1;0;0;2021/03/21
Denice;006065;-1;0;0;2021/03/21
Cremolino;006063;-1;0;0;2021/03/21
Costa Vescovato;006062;-1;3;9.170000076293945;2021/03/21
Conzano;006061;-1;9;9.319999694824219;2021/03/21
Coniolo;006060;-1;0;0;2021/03/21
Cerrina Monferrato;006059;-1;3;2.2100000381469727;2021/03/21
Cerreto Grue;006058;-1;1;3.299999952316284;2021/03/21
Cereseto;006057;-1;2;4.960000038146973;2021/03/21
Cella Monte;006056;-1;4;8.020000457763672;2021/03/21
Cavatore;006055;-1;3;11.149999618530273;2021/03/21
Castelspina;006054;-1;0;0;2021/03/21
Castelnuovo Scrivia;006053;-1;5;0.9800000190734863;2021/03/21
Castelnuovo Bormida;006052;-1;3;4.289999961853027;2021/03/21
Castelletto Monferrato;006051;-1;3;2;2021/03/21
Castelletto Merli;006050;-1;5;11.15999984741211;2021/03/21
Castelletto d'Orba;006049;-1;7;3.569999933242798;2021/03/21
Castelletto d'Erro;006048;-1;0;0;2021/03/21
Castellazzo Bormida;006047;-1;18;3.9800000190734863;2021/03/21
Castellar Guidobono;006046;-1;1;2.509999990463257;2021/03/21
Castellania Coppi;006045;-1;3;33.709999084472656;2021/03/21
Cassinelle;006044;-1;1;1.1399999856948853;2021/03/21
Cassine;006043;-1;6;2.0399999618530273;2021/03/21
Casasco;006041;-1;0;0;2021/03/21
Casalnoceto;006040;-1;5;5.110000133514404;2021/03/21
Casale Monferrato;006039;-1;130;3.8499999046325684;2021/03/21
Casaleggio Boiro;006038;-1;3;7.849999904632568;2021/03/21
Casal Cermelli;006037;-1;3;2.4600000381469727;2021/03/21
Cartosio;006036;-1;3;4.070000171661377;2021/03/21
Carrosio;006035;-1;2;4;2021/03/21
Carrega Ligure;006034;-1;0;0;2021/03/21
Carpeneto;006033;-1;3;3.1600000858306885;2021/03/21
Carezzano;006032;-1;1;2.2699999809265137;2021/03/21
Carentino;006031;-1;2;6.289999961853027;2021/03/21
Carbonara Scrivia;006030;-1;4;3.549999952316284;2021/03/21
Capriata d'Orba;006029;-1;4;2.1700000762939453;2021/03/21
Cantalupo Ligure;006028;-1;2;4.199999809265137;2021/03/21
Camino;006027;-1;3;3.990000009536743;2021/03/21
Camagna Monferrato;006026;-1;0;0;2021/03/21
Cabella Ligure;006025;-1;2;3.9800000190734863;2021/03/21
Brignano-Frascata;006024;-1;0;0;2021/03/21
Bozzole;006023;-1;1;2.990000009536743;2021/03/21
Bosio;006022;-1;2;1.7000000476837158;2021/03/21
Bosco Marengo;006021;-1;9;3.809999942779541;2021/03/21
Borgo San Martino;006020;-1;1;0.7200000286102295;2021/03/21
Borgoratto Alessandrino;006019;-1;1;1.8200000524520874;2021/03/21
Borghetto di Borbera;006018;-1;17;8.6899995803833;2021/03/21
Bistagno;006017;-1;11;6.130000114440918;2021/03/21
Berzano di Tortona;006016;-1;0;0;2021/03/21
Bergamasco;006015;-1;4;5.559999942779541;2021/03/21
Belforte Monferrato;006014;-1;4;7.889999866485596;2021/03/21
Bassignana;006013;-1;8;4.78000020980835;2021/03/21
Basaluzzo;006012;-1;8;3.859999895095825;2021/03/21
Balzola;006011;-1;6;4.449999809265137;2021/03/21
Avolasca;006010;-1;0;0;2021/03/21
Arquata Scrivia;006009;-1;50;7.849999904632568;2021/03/21
Alzano Scrivia;006008;-1;0;0;2021/03/21
Altavilla Monferrato;006007;-1;0;0;2021/03/21
Alice Bel Colle;006005;-1;3;4.019999980926514;2021/03/21
Alfiano Natta;006004;-1;7;8.989999771118164;2021/03/21
Alessandria;006003;-1;310;3.309999942779541;2021/03/21
Albera Ligure;006002;-1;0;0;2021/03/21
Acqui Terme;006001;-1;54;2.75;2021/03/21
Montiglio Monferrato;005121;-1;11;6.860000133514404;2021/03/21
Vinchio;005120;-1;0;0;2021/03/21
Villa San Secondo;005119;-1;5;13.119999885559082;2021/03/21
Villanova d'Asti;005118;-1;42;7.400000095367432;2021/03/21
Villafranca d'Asti;005117;-1;9;2.9800000190734863;2021/03/21
Vigliano d'Asti;005116;-1;4;5.039999961853027;2021/03/21
Viarigi;005115;-1;0;0;2021/03/21
Viale;005114;-1;2;8.229999542236328;2021/03/21
Vesime;005113;-1;2;3.2899999618530273;2021/03/21
Valfenera;005112;-1;12;4.980000019073486;2021/03/21
Vaglio Serra;005111;-1;0;0;2021/03/21
Tonengo;005110;-1;4;16.8799991607666;2021/03/21
Tonco;005109;-1;3;3.7100000381469727;2021/03/21
Tigliole;005108;-1;1;0.5799999833106995;2021/03/21
Soglio;005107;-1;0;0;2021/03/21
Settime;005106;-1;3;5.449999809265137;2021/03/21
Sessame;005105;-1;1;3.799999952316284;2021/03/21
Serole;005104;-1;0;0;2021/03/21
Scurzolengo;005103;-1;1;1.8300000429153442;2021/03/21
San Paolo Solbrito;005101;-1;7;5.849999904632568;2021/03/21
San Marzano Oliveto;005100;-1;5;4.920000076293945;2021/03/21
San Martino Alfieri;005099;-1;3;4.559999942779541;2021/03/21
San Giorgio Scarampi;005098;-1;1;9.010000228881836;2021/03/21
San Damiano d'Asti;005097;-1;54;6.5;2021/03/21
Rocchetta Tanaro;005096;-1;13;9.140000343322754;2021/03/21
Rocchetta Palafea;005095;-1;0;0;2021/03/21
Roccaverano;005094;-1;1;2.5299999713897705;2021/03/21
Rocca d'Arazzo;005093;-1;7;7.860000133514404;2021/03/21
Robella;005092;-1;3;6.199999809265137;2021/03/21
Roatto;005091;-1;0;0;2021/03/21
Revigliasco d'Asti;005090;-1;6;7.630000114440918;2021/03/21
Refrancore;005089;-1;7;4.460000038146973;2021/03/21
Quaranti;005088;-1;0;0;2021/03/21
Portacomaro;005087;-1;12;5.920000076293945;2021/03/21
Piovà Massaia;005086;-1;3;4.949999809265137;2021/03/21
Pino d'Asti;005085;-1;0;0;2021/03/21
Piea;005084;-1;3;5.179999828338623;2021/03/21
Penango;005083;-1;0;0;2021/03/21
Passerano Marmorito;005082;-1;4;9.239999771118164;2021/03/21
Olmo Gentile;005081;-1;1;13.510000228881836;2021/03/21
Nizza Monferrato;005080;-1;24;2.3299999237060547;2021/03/21
Moransengo;005079;-1;0;0;2021/03/21
Montemagno;005077;-1;2;1.7899999618530273;2021/03/21
Montegrosso d'Asti;005076;-1;12;5.199999809265137;2021/03/21
Montechiaro d'Asti;005075;-1;7;5.53000020980835;2021/03/21
Montaldo Scarampi;005074;-1;2;2.680000066757202;2021/03/21
Montafia;005073;-1;4;4.25;2021/03/21
Montabone;005072;-1;1;3.069999933242798;2021/03/21
Mongardino;005071;-1;4;4.46999979019165;2021/03/21
Moncucco Torinese;005070;-1;2;2.25;2021/03/21
Moncalvo;005069;-1;4;1.399999976158142;2021/03/21
Monastero Bormida;005068;-1;0;0;2021/03/21
Monale;005067;-1;2;1.9900000095367432;2021/03/21
Mombercelli;005066;-1;12;5.579999923706055;2021/03/21
Mombaruzzo;005065;-1;1;0.9399999976158142;2021/03/21
Mombaldone;005064;-1;1;5;2021/03/21
Moasca;005063;-1;0;0;2021/03/21
Maretto;005062;-1;3;7.940000057220459;2021/03/21
Maranzana;005061;-1;0;0;2021/03/21
Loazzolo;005060;-1;0;0;2021/03/21
Isola d'Asti;005059;-1;24;11.819999694824219;2021/03/21
Incisa Scapaccino;005058;-1;13;5.949999809265137;2021/03/21
Grazzano Badoglio;005057;-1;0;0;2021/03/21
Grana;005056;-1;5;8.399999618530273;2021/03/21
Frinco;005055;-1;3;4.010000228881836;2021/03/21
Fontanile;005054;-1;1;1.809999942779541;2021/03/21
Ferrere;005053;-1;11;7.070000171661377;2021/03/21
Dusino San Michele;005052;-1;4;3.819999933242798;2021/03/21
Cunico;005051;-1;2;4.139999866485596;2021/03/21
Costigliole d'Asti;005050;-1;31;5.369999885559082;2021/03/21
Cossombrato;005049;-1;5;9.84000015258789;2021/03/21
Cortiglione;005048;-1;3;5.440000057220459;2021/03/21
Cortazzone;005047;-1;1;1.6399999856948853;2021/03/21
Cortanze;005046;-1;2;7.139999866485596;2021/03/21
Cortandone;005045;-1;7;22.219999313354492;2021/03/21
Corsione;005044;-1;2;8.970000267028809;2021/03/21
Cocconato;005042;-1;4;2.7699999809265137;2021/03/21
Coazzolo;005041;-1;9;32.2599983215332;2021/03/21
Cisterna d'Asti;005040;-1;14;11.4399995803833;2021/03/21
Cinaglio;005039;-1;2;4.510000228881836;2021/03/21
Chiusano d'Asti;005038;-1;0;0;2021/03/21
Cessole;005037;-1;0;0;2021/03/21
Cerro Tanaro;005036;-1;0;0;2021/03/21
Cerreto d'Asti;005035;-1;3;13.699999809265137;2021/03/21
Celle Enomondo;005034;-1;2;4.190000057220459;2021/03/21
Cellarengo;005033;-1;5;7.119999885559082;2021/03/21
Castel Rocchero;005032;-1;3;7.670000076293945;2021/03/21
Castelnuovo Don Bosco;005031;-1;24;7.579999923706055;2021/03/21
Castelnuovo Calcea;005030;-1;1;1.3600000143051147;2021/03/21
Castelnuovo Belbo;005029;-1;1;1.1799999475479126;2021/03/21
Castello di Annone;005028;-1;5;2.5899999141693115;2021/03/21
Castelletto Molina;005027;-1;2;12.819999694824219;2021/03/21
Castellero;005026;-1;0;0;2021/03/21
Castell'Alfero;005025;-1;11;4.119999885559082;2021/03/21
Castel Boglione;005024;-1;1;1.6399999856948853;2021/03/21
Castagnole Monferrato;005023;-1;4;3.359999895095825;2021/03/21
Castagnole delle Lanze;005022;-1;38;10.140000343322754;2021/03/21
Cassinasco;005021;-1;1;1.649999976158142;2021/03/21
Casorzo;005020;-1;0;0;2021/03/21
Capriglio;005019;-1;0;0;2021/03/21
Cantarana;005018;-1;6;6.03000020980835;2021/03/21
Canelli;005017;-1;49;4.710000038146973;2021/03/21
Camerano Casasco;005016;-1;6;13.569999694824219;2021/03/21
Calosso;005015;-1;3;2.4100000858306885;2021/03/21
Calliano;005014;-1;6;4.690000057220459;2021/03/21
Calamandrana;005013;-1;4;2.309999942779541;2021/03/21
Buttigliera d'Asti;005012;-1;31;12.199999809265137;2021/03/21
Bubbio;005011;-1;1;1.190000057220459;2021/03/21
Bruno;005010;-1;1;3.2200000286102295;2021/03/21
Berzano di San Pietro;005009;-1;4;9.640000343322754;2021/03/21
Belveglio;005008;-1;0;0;2021/03/21
Baldichieri d'Asti;005007;-1;6;5.289999961853027;2021/03/21
Azzano d'Asti;005006;-1;2;5.429999828338623;2021/03/21
Asti;005005;-1;385;5.059999942779541;2021/03/21
Aramengo;005004;-1;9;15.930000305175781;2021/03/21
Antignano;005003;-1;6;6.239999771118164;2021/03/21
Albugnano;005002;-1;7;13.859999656677246;2021/03/21
Agliano Terme;005001;-1;6;3.7699999809265137;2021/03/21
Vottignasco;004250;-1;0;0;2021/03/21
Viola;004249;-1;1;2.7899999618530273;2021/03/21
Vinadio;004248;-1;4;6.610000133514404;2021/03/21
Villar San Costanzo;004247;-1;18;11.729999542236328;2021/03/21
Villanova Solaro;004246;-1;7;9.460000038146973;2021/03/21
Villanova Mondovì;004245;-1;72;12.430000305175781;2021/03/21
Villafalletto;004244;-1;2;0.6899999976158142;2021/03/21
Vignolo;004243;-1;19;7.380000114440918;2021/03/21
Vicoforte;004242;-1;16;5.119999885559082;2021/03/21
Vezza d'Alba;004241;-1;14;6.130000114440918;2021/03/21
Verzuolo;004240;-1;38;5.920000076293945;2021/03/21
Vernante;004239;-1;11;9.550000190734863;2021/03/21
Verduno;004238;-1;3;5.360000133514404;2021/03/21
Venasca;004237;-1;5;3.5999999046325684;2021/03/21
Valloriate;004235;-1;3;28.040000915527344;2021/03/21
Valgrana;004234;-1;2;2.569999933242798;2021/03/21
Valdieri;004233;-1;6;6.590000152587891;2021/03/21
Trinità;004232;-1;10;4.449999809265137;2021/03/21
Trezzo Tinella;004231;-1;4;12.9399995803833;2021/03/21
Treiso;004230;-1;7;9.020000457763672;2021/03/21
Torresina;004229;-1;0;0;2021/03/21
Torre San Giorgio;004228;-1;7;9.5600004196167;2021/03/21
Torre Mondovì;004227;-1;8;16.809999465942383;2021/03/21
Torre Bormida;004226;-1;0;0;2021/03/21
Tarantasca;004225;-1;24;11.130000114440918;2021/03/21
Stroppo;004224;-1;0;0;2021/03/21
Sommariva Perno;004223;-1;19;6.860000133514404;2021/03/21
Sommariva del Bosco;004222;-1;27;4.260000228881836;2021/03/21
Somano;004221;-1;1;3.069999933242798;2021/03/21
Sinio;004220;-1;4;7.829999923706055;2021/03/21
Serravalle Langhe;004219;-1;2;6.710000038146973;2021/03/21
Serralunga d'Alba;004218;-1;8;13.90999984741211;2021/03/21
Scarnafigi;004217;-1;16;7.480000019073486;2021/03/21
Scagnello;004216;-1;3;17.139999389648438;2021/03/21
Savigliano;004215;-1;169;7.820000171661377;2021/03/21
Santo Stefano Roero;004214;-1;25;18.25;2021/03/21
Santo Stefano Belbo;004213;-1;36;8.9399995803833;2021/03/21
Santa Vittoria d'Alba;004212;-1;31;10.800000190734863;2021/03/21
Sant'Albano Stura;004211;-1;45;19.030000686645508;2021/03/21
San Michele Mondovì;004210;-1;17;8.789999961853027;2021/03/21
Sanfront;004209;-1;28;11.890000343322754;2021/03/21
Sanfrè;004208;-1;16;5.260000228881836;2021/03/21
San Damiano Macra;004207;-1;2;4.900000095367432;2021/03/21
San Benedetto Belbo;004206;-1;0;0;2021/03/21
Sampeyre;004205;-1;0;0;2021/03/21
Sambuco;004204;-1;0;0;2021/03/21
Saluzzo;004203;-1;109;6.320000171661377;2021/03/21
Salmour;004202;-1;0;0;2021/03/21
Saliceto;004201;-1;5;3.9800000190734863;2021/03/21
Sale San Giovanni;004200;-1;4;23.260000228881836;2021/03/21
Sale delle Langhe;004199;-1;4;7.889999866485596;2021/03/21
Ruffia;004198;-1;5;13.770000457763672;2021/03/21
Rossana;004197;-1;4;4.619999885559082;2021/03/21
Rodello;004196;-1;14;14.630000114440918;2021/03/21
Roddino;004195;-1;0;0;2021/03/21
Roddi;004194;-1;22;13.5;2021/03/21
Rocchetta Belbo;004193;-1;1;6.25;2021/03/21
Roccavione;004192;-1;42;15.829999923706055;2021/03/21
Roccasparvera;004191;-1;23;30.959999084472656;2021/03/21
Roccaforte Mondovì;004190;-1;30;14;2021/03/21
Rocca de' Baldi;004189;-1;27;16.649999618530273;2021/03/21
Rocca Cigliè;004188;-1;7;52.2400016784668;2021/03/21
Roccabruna;004187;-1;16;10.3100004196167;2021/03/21
Roburent;004186;-1;1;2.0399999618530273;2021/03/21
Robilante;004185;-1;31;13.720000267028809;2021/03/21
Roascio;004184;-1;0;0;2021/03/21
Roaschia;004183;-1;0;0;2021/03/21
Rittana;004182;-1;6;57.689998626708984;2021/03/21
Rifreddo;004181;-1;14;13.40999984741211;2021/03/21
Revello;004180;-1;27;6.320000171661377;2021/03/21
Racconigi;004179;-1;124;12.470000267028809;2021/03/21
Prunetto;004178;-1;2;4.730000019073486;2021/03/21
Priola;004177;-1;0;0;2021/03/21
Priocca;004176;-1;24;12.050000190734863;2021/03/21
Priero;004175;-1;6;11.470000267028809;2021/03/21
Prazzo;004174;-1;0;0;2021/03/21
Pradleves;004173;-1;0;0;2021/03/21
Pontechianale;004172;-1;0;0;2021/03/21
Polonghera;004171;-1;13;11.399999618530273;2021/03/21
Pocapaglia;004170;-1;45;13.520000457763672;2021/03/21
Piozzo;004169;-1;7;7.139999866485596;2021/03/21
Piobesi d'Alba;004168;-1;9;6.650000095367432;2021/03/21
Pietraporzio;004167;-1;0;0;2021/03/21
Piasco;004166;-1;19;6.940000057220459;2021/03/21
Pianfei;004165;-1;28;13.279999732971191;2021/03/21
Pezzolo Valle Uzzone;004164;-1;1;2.9200000762939453;2021/03/21
Peveragno;004163;-1;60;10.710000038146973;2021/03/21
Perlo;004162;-1;1;8.770000457763672;2021/03/21
Perletto;004161;-1;3;11.149999618530273;2021/03/21
Paroldo;004160;-1;1;4.829999923706055;2021/03/21
Pamparato;004159;-1;0;0;2021/03/21
Pagno;004158;-1;0;0;2021/03/21
Paesana;004157;-1;43;15.850000381469727;2021/03/21
Ostana;004156;-1;0;0;2021/03/21
Ormea;004155;-1;5;3.1500000953674316;2021/03/21
Oncino;004154;-1;0;0;2021/03/21
Nucetto;004153;-1;1;2.440000057220459;2021/03/21
Novello;004152;-1;12;12.210000038146973;2021/03/21
Niella Tanaro;004151;-1;11;10.84000015258789;2021/03/21
Niella Belbo;004150;-1;1;2.7699999809265137;2021/03/21
Neviglie;004149;-1;2;5.420000076293945;2021/03/21
Neive;004148;-1;50;14.470000267028809;2021/03/21
Narzole;004147;-1;14;4;2021/03/21
Murello;004146;-1;7;7.380000114440918;2021/03/21
Murazzano;004145;-1;0;0;2021/03/21
Morozzo;004144;-1;13;6.489999771118164;2021/03/21
Moretta;004143;-1;47;11.510000228881836;2021/03/21
Monticello d'Alba;004142;-1;35;14.789999961853027;2021/03/21
Montezemolo;004141;-1;1;4.269999980926514;2021/03/21
Monteu Roero;004140;-1;15;9.350000381469727;2021/03/21
Monterosso Grana;004139;-1;3;5.699999809265137;2021/03/21
Montemale di Cuneo;004138;-1;5;21.829999923706055;2021/03/21
Montelupo Albese;004137;-1;7;14.430000305175781;2021/03/21
Montanera;004136;-1;5;6.679999828338623;2021/03/21
Montaldo Roero;004135;-1;9;10.640000343322754;2021/03/21
Montaldo di Mondovì;004134;-1;5;8.989999771118164;2021/03/21
Montà;004133;-1;36;7.659999847412109;2021/03/21
Monforte d'Alba;004132;-1;15;7.519999980926514;2021/03/21
Monesiglio;004131;-1;2;3.2200000286102295;2021/03/21
Mondovì;004130;-1;181;8.079999923706055;2021/03/21
Monchiero;004129;-1;2;3.4600000381469727;2021/03/21
Monasterolo di Savigliano;004128;-1;24;17.350000381469727;2021/03/21
Monasterolo Casotto;004127;-1;0;0;2021/03/21
Monastero di Vasco;004126;-1;4;3.0999999046325684;2021/03/21
Mombasiglio;004125;-1;3;4.920000076293945;2021/03/21
Mombarcaro;004124;-1;1;3.7899999618530273;2021/03/21
Moiola;004123;-1;0;0;2021/03/21
Melle;004122;-1;0;0;2021/03/21
Martiniana Po;004121;-1;2;2.680000066757202;2021/03/21
Marsaglia;004120;-1;0;0;2021/03/21
Marmora;004119;-1;0;0;2021/03/21
Margarita;004118;-1;15;10.420000076293945;2021/03/21
Marene;004117;-1;20;6.019999980926514;2021/03/21
Manta;004116;-1;40;10.569999694824219;2021/03/21
Mango;004115;-1;8;6.070000171661377;2021/03/21
Magliano Alpi;004114;-1;16;7.170000076293945;2021/03/21
Magliano Alfieri;004113;-1;15;6.829999923706055;2021/03/21
Macra;004112;-1;0;0;2021/03/21
Lisio;004111;-1;2;10.640000343322754;2021/03/21
Limone Piemonte;004110;-1;7;4.800000190734863;2021/03/21
Levice;004109;-1;2;9.520000457763672;2021/03/21
Lesegno;004108;-1;4;4.829999923706055;2021/03/21
Lequio Tanaro;004107;-1;0;0;2021/03/21
Lequio Berria;004106;-1;16;34.47999954223633;2021/03/21
La Morra;004105;-1;45;16.25;2021/03/21
Lagnasco;004104;-1;12;8.380000114440918;2021/03/21
Isasca;004103;-1;0;0;2021/03/21
Igliano;004102;-1;0;0;2021/03/21
Guarene;004101;-1;37;10.300000190734863;2021/03/21
Grinzane Cavour;004100;-1;35;17.260000228881836;2021/03/21
Govone;004099;-1;34;15.34000015258789;2021/03/21
Gottasecca;004098;-1;0;0;2021/03/21
Gorzegno;004097;-1;0;0;2021/03/21
Genola;004096;-1;20;7.539999961853027;2021/03/21
Garessio;004095;-1;22;7.199999809265137;2021/03/21
Gambasca;004094;-1;5;14.289999961853027;2021/03/21
Gaiola;004093;-1;37;63.459999084472656;2021/03/21
Frassino;004092;-1;1;3.7200000286102295;2021/03/21
Frabosa Sottana;004091;-1;18;11.760000228881836;2021/03/21
Frabosa Soprana;004090;-1;5;6.650000095367432;2021/03/21
Fossano;004089;-1;168;6.929999828338623;2021/03/21
Feisoglio;004088;-1;9;29.510000228881836;2021/03/21
Faule;004087;-1;8;16.389999389648438;2021/03/21
Farigliano;004086;-1;4;2.25;2021/03/21
Envie;004085;-1;38;19.110000610351562;2021/03/21
Entracque;004084;-1;6;6.980000019073486;2021/03/21
Elva;004083;-1;1;10.640000343322754;2021/03/21
Dronero;004082;-1;40;5.699999809265137;2021/03/21
Dogliani;004081;-1;27;5.760000228881836;2021/03/21
Diano d'Alba;004080;-1;59;16.290000915527344;2021/03/21
Demonte;004079;-1;27;13.779999732971191;2021/03/21
Cuneo;004078;-1;486;8.65999984741211;2021/03/21
Crissolo;004077;-1;0;0;2021/03/21
Cravanzana;004076;-1;5;13.699999809265137;2021/03/21
Costigliole Saluzzo;004075;-1;32;9.699999809265137;2021/03/21
Cossano Belbo;004074;-1;8;8.399999618530273;2021/03/21
Cortemilia;004073;-1;8;3.5199999809265137;2021/03/21
Corneliano d'Alba;004072;-1;21;9.789999961853027;2021/03/21
Clavesana;004071;-1;3;3.7300000190734863;2021/03/21
Cissone;004070;-1;0;0;2021/03/21
Cigliè;004069;-1;3;16.219999313354492;2021/03/21
Chiusa di Pesio;004068;-1;51;13.970000267028809;2021/03/21
Cherasco;004067;-1;68;7.320000171661377;2021/03/21
Ceva;004066;-1;67;11.760000228881836;2021/03/21
Cervere;004065;-1;20;8.84000015258789;2021/03/21
Cervasca;004064;-1;36;7.010000228881836;2021/03/21
Cerretto Langhe;004063;-1;10;23.260000228881836;2021/03/21
Ceresole Alba;004062;-1;8;3.890000104904175;2021/03/21
Centallo;004061;-1;86;12.25;2021/03/21
Celle di Macra;004060;-1;1;11.359999656677246;2021/03/21
Cavallermaggiore;004059;-1;48;8.84000015258789;2021/03/21
Cavallerleone;004058;-1;10;14.579999923706055;2021/03/21
Castino;004057;-1;2;4.119999885559082;2021/03/21
Castiglione Tinella;004056;-1;4;4.829999923706055;2021/03/21
Castiglione Falletto;004055;-1;3;4.289999961853027;2021/03/21
Castelnuovo di Ceva;004054;-1;0;0;2021/03/21
Castelmagno;004053;-1;0;0;2021/03/21
Castellino Tanaro;004052;-1;3;10.100000381469727;2021/03/21
Castellinaldo d'Alba;004051;-1;15;16.229999542236328;2021/03/21
Castelletto Uzzone;004050;-1;0;0;2021/03/21
Castelletto Stura;004049;-1;22;15.9399995803833;2021/03/21
Casteldelfino;004047;-1;0;0;2021/03/21
Castagnito;004046;-1;24;10.9399995803833;2021/03/21
Casalgrasso;004045;-1;5;3.4800000190734863;2021/03/21
Cartignano;004044;-1;1;5.75;2021/03/21
Carrù;004043;-1;48;10.9399995803833;2021/03/21
Cardè;004042;-1;11;9.59000015258789;2021/03/21
Caramagna Piemonte;004041;-1;35;11.329999923706055;2021/03/21
Caraglio;004040;-1;40;5.920000076293945;2021/03/21
Caprauna;004039;-1;0;0;2021/03/21
Canosio;004038;-1;0;0;2021/03/21
Canale;004037;-1;72;12.84000015258789;2021/03/21
Camerana;004035;-1;2;3.369999885559082;2021/03/21
Busca;004034;-1;122;11.989999771118164;2021/03/21
Brossasco;004033;-1;1;0.949999988079071;2021/03/21
Brondello;004032;-1;0;0;2021/03/21
Briga Alta;004031;-1;0;0;2021/03/21
Briaglia;004030;-1;7;22.799999237060547;2021/03/21
Bra;004029;-1;219;7.380000114440918;2021/03/21
Boves;004028;-1;213;21.690000534057617;2021/03/21
Bossolasco;004027;-1;5;7.840000152587891;2021/03/21
Bosia;004026;-1;0;0;2021/03/21
Borgo San Dalmazzo;004025;-1;139;11.170000076293945;2021/03/21
Borgomale;004024;-1;0;0;2021/03/21
Bonvicino;004023;-1;2;20.40999984741211;2021/03/21
Bernezzo;004022;-1;46;11.069999694824219;2021/03/21
Bergolo;004021;-1;0;0;2021/03/21
Benevello;004020;-1;12;25.209999084472656;2021/03/21
Bene Vagienna;004019;-1;26;7.090000152587891;2021/03/21
Belvedere Langhe;004018;-1;0;0;2021/03/21
Bellino;004017;-1;0;0;2021/03/21
Beinette;004016;-1;25;7.25;2021/03/21
Battifollo;004015;-1;0;0;2021/03/21
Bastia Mondovì;004014;-1;8;11.989999771118164;2021/03/21
Barolo;004013;-1;7;10.140000343322754;2021/03/21
Barge;004012;-1;63;8.270000457763672;2021/03/21
Barbaresco;004011;-1;2;3.1700000762939453;2021/03/21
Baldissero d'Alba;004010;-1;30;28.299999237060547;2021/03/21
Bagnolo Piemonte;004009;-1;70;11.760000228881836;2021/03/21
Bagnasco;004008;-1;4;3.9200000762939453;2021/03/21
Arguello;004007;-1;10;50.25;2021/03/21
Argentera;004006;-1;1;12.989999771118164;2021/03/21
Alto;004005;-1;0;0;2021/03/21
Albaretto della Torre;004004;-1;20;89.29000091552734;2021/03/21
Alba;004003;-1;498;15.8100004196167;2021/03/21
Aisone;004002;-1;3;13.640000343322754;2021/03/21
Acceglio;004001;-1;2;12.65999984741211;2021/03/21
Gattico-Veruno;003166;-1;66;12.539999961853027;2021/03/21
Vinzaglio;003164;-1;3;5.349999904632568;2021/03/21
Vicolungo;003159;-1;5;5.710000038146973;2021/03/21
Vespolate;003158;-1;10;4.869999885559082;2021/03/21
Varallo Pombia;003154;-1;29;5.900000095367432;2021/03/21
Vaprio d'Agogna;003153;-1;10;10.079999923706055;2021/03/21
Trecate;003149;-1;73;3.5199999809265137;2021/03/21
Tornaco;003146;-1;1;1.0700000524520874;2021/03/21
Terdobbiate;003144;-1;5;10.640000343322754;2021/03/21
Suno;003143;-1;13;4.699999809265137;2021/03/21
Sozzago;003141;-1;1;0.9300000071525574;2021/03/21
Soriso;003140;-1;9;11.829999923706055;2021/03/21
Sizzano;003139;-1;4;2.799999952316284;2021/03/21
Sillavengo;003138;-1;5;8.899999618530273;2021/03/21
San Pietro Mosezzo;003135;-1;12;6.019999980926514;2021/03/21
San Nazzaro Sesia;003134;-1;2;2.7100000381469727;2021/03/21
San Maurizio d'Opaglio;003133;-1;56;18.329999923706055;2021/03/21
Romentino;003131;-1;32;5.690000057220459;2021/03/21
Romagnano Sesia;003130;-1;52;13.350000381469727;2021/03/21
Recetto;003129;-1;2;2.0799999237060547;2021/03/21
Prato Sesia;003122;-1;18;9.640000343322754;2021/03/21
Pombia;003121;-1;22;10.130000114440918;2021/03/21
Pogno;003120;-1;37;26.149999618530273;2021/03/21
Pisano;003119;-1;9;11.029999732971191;2021/03/21
Pettenasco;003116;-1;0;0;2021/03/21
Pella;003115;-1;5;5.25;2021/03/21
Paruzzaro;003114;-1;10;4.579999923706055;2021/03/21
Orta San Giulio;003112;-1;4;3.0299999713897705;2021/03/21
Oleggio Castello;003109;-1;24;11.020000457763672;2021/03/21
Oleggio;003108;-1;85;6;2021/03/21
Novara;003106;-1;586;5.619999885559082;2021/03/21
Nibbiola;003104;-1;5;6.050000190734863;2021/03/21
Nebbiuno;003103;-1;18;9.949999809265137;2021/03/21
Momo;003100;-1;31;12.430000305175781;2021/03/21
Miasino;003098;-1;5;6.300000190734863;2021/03/21
Mezzomerico;003097;-1;6;4.880000114440918;2021/03/21
Meina;003095;-1;14;5.78000020980835;2021/03/21
Massino Visconti;003093;-1;8;7.619999885559082;2021/03/21
Marano Ticino;003091;-1;6;3.630000114440918;2021/03/21
Mandello Vitta;003090;-1;0;0;2021/03/21
Maggiora;003088;-1;20;12.0600004196167;2021/03/21
Lesa;003084;-1;16;7.239999771118164;2021/03/21
Landiona;003083;-1;3;5.329999923706055;2021/03/21
Invorio;003082;-1;32;7.28000020980835;2021/03/21
Grignasco;003079;-1;31;6.920000076293945;2021/03/21
Granozzo con Monticello;003077;-1;14;10.140000343322754;2021/03/21
Gozzano;003076;-1;62;11.149999618530273;2021/03/21
Ghemme;003073;-1;19;5.429999828338623;2021/03/21
Gargallo;003070;-1;22;12.449999809265137;2021/03/21
Garbagna Novarese;003069;-1;5;3.490000009536743;2021/03/21
Galliate;003068;-1;85;5.409999847412109;2021/03/21
Fontaneto d'Agogna;003066;-1;25;9.430000305175781;2021/03/21
Fara Novarese;003065;-1;6;2.950000047683716;2021/03/21
Dormelletto;003062;-1;12;4.639999866485596;2021/03/21
Divignano;003060;-1;24;16.969999313354492;2021/03/21
Cureggio;003058;-1;25;9.479999542236328;2021/03/21
Cressa;003055;-1;15;9.350000381469727;2021/03/21
Comignago;003052;-1;8;6.349999904632568;2021/03/21
Colazza;003051;-1;0;0;2021/03/21
Cerano;003049;-1;43;6.360000133514404;2021/03/21
Cavallirio;003047;-1;26;19.360000610351562;2021/03/21
Cavaglio d'Agogna;003045;-1;11;9.390000343322754;2021/03/21
Cavaglietto;003044;-1;1;2.609999895095825;2021/03/21
Castelletto sopra Ticino;003043;-1;48;4.840000152587891;2021/03/21
Castellazzo Novarese;003042;-1;5;15.670000076293945;2021/03/21
Casalvolone;003041;-1;3;3.4700000286102295;2021/03/21
Casalino;003040;-1;9;5.900000095367432;2021/03/21
Casaleggio Novara;003039;-1;2;2.190000057220459;2021/03/21
Casalbeltrame;003037;-1;8;8.529999732971191;2021/03/21
Carpignano Sesia;003036;-1;12;4.769999980926514;2021/03/21
Cameri;003032;-1;53;4.880000114440918;2021/03/21
Caltignaga;003030;-1;12;4.769999980926514;2021/03/21
Briona;003027;-1;1;0.8700000047683716;2021/03/21
Briga Novarese;003026;-1;33;11.640000343322754;2021/03/21
Borgo Ticino;003025;-1;20;3.869999885559082;2021/03/21
Borgomanero;003024;-1;247;11.399999618530273;2021/03/21
Borgolavezzaro;003023;-1;25;12.319999694824219;2021/03/21
Bolzano Novarese;003022;-1;9;7.519999980926514;2021/03/21
Bogogno;003021;-1;7;5.489999771118164;2021/03/21
Boca;003019;-1;9;7.510000228881836;2021/03/21
Biandrate;003018;-1;14;10.75;2021/03/21
Bellinzago Novarese;003016;-1;56;5.849999904632568;2021/03/21
Barengo;003012;-1;3;3.809999942779541;2021/03/21
Arona;003008;-1;139;9.960000038146973;2021/03/21
Armeno;003006;-1;22;10.020000457763672;2021/03/21
Ameno;003002;-1;10;10.489999771118164;2021/03/21
Agrate Conturbia;003001;-1;24;15.489999771118164;2021/03/21
Cellio con Breia;002171;-1;3;3.059999942779541;2021/03/21
Alto Sermenza;002170;-1;0;0;2021/03/21
Vocca;002166;-1;0;0;2021/03/21
Villata;002164;-1;7;4.480000019073486;2021/03/21
Villarboit;002163;-1;2;4.679999828338623;2021/03/21
Vercelli;002158;-1;352;7.650000095367432;2021/03/21
Varallo;002156;-1;21;2.940000057220459;2021/03/21
Valduggia;002152;-1;33;16.850000381469727;2021/03/21
Tronzano Vercellese;002150;-1;28;8.109999656677246;2021/03/21
Trino;002148;-1;37;5.260000228881836;2021/03/21
Tricerro;002147;-1;4;5.760000228881836;2021/03/21
Stroppiana;002142;-1;18;15.079999923706055;2021/03/21
Serravalle Sesia;002137;-1;17;3.4800000190734863;2021/03/21
Scopello;002135;-1;3;8.289999961853027;2021/03/21
Scopa;002134;-1;1;2.559999942779541;2021/03/21
Santhià;002133;-1;72;8.5;2021/03/21
San Germano Vercellese;002131;-1;21;13.600000381469727;2021/03/21
Saluggia;002128;-1;73;18.639999389648438;2021/03/21
Sali Vercellese;002127;-1;1;9.520000457763672;2021/03/21
Salasco;002126;-1;3;13.329999923706055;2021/03/21
Rovasenda;002122;-1;0;0;2021/03/21
Rossa;002121;-1;2;11.239999771118164;2021/03/21
Ronsecco;002118;-1;6;10.579999923706055;2021/03/21
Roasio;002116;-1;4;1.7100000381469727;2021/03/21
Rive;002115;-1;1;2.240000009536743;2021/03/21
Rimella;002113;-1;0;0;2021/03/21
Rassa;002110;-1;1;15.630000114440918;2021/03/21
Quinto Vercellese;002108;-1;0;0;2021/03/21
Quarona;002107;-1;17;4.25;2021/03/21
Prarolo;002104;-1;6;8.260000228881836;2021/03/21
Postua;002102;-1;3;5.190000057220459;2021/03/21
Piode;002097;-1;2;11.109999656677246;2021/03/21
Pila;002096;-1;5;36.22999954223633;2021/03/21
Pezzana;002093;-1;14;10.84000015258789;2021/03/21
Pertengo;002091;-1;0;0;2021/03/21
Palazzolo Vercellese;002090;-1;14;11.789999961853027;2021/03/21
Oldenico;002089;-1;0;0;2021/03/21
Olcenengo;002088;-1;2;2.559999942779541;2021/03/21
Motta de' Conti;002082;-1;1;1.309999942779541;2021/03/21
Moncrivello;002079;-1;9;6.449999809265137;2021/03/21
Mollia;002078;-1;0;0;2021/03/21
Lozzolo;002072;-1;8;9.710000038146973;2021/03/21
Livorno Ferraris;002071;-1;65;15;2021/03/21
Lignana;002070;-1;9;16.15999984741211;2021/03/21
Lenta;002068;-1;1;1.2000000476837158;2021/03/21
Lamporo;002067;-1;19;37.400001525878906;2021/03/21
Guardabosone;002066;-1;0;0;2021/03/21
Greggio;002065;-1;5;14.329999923706055;2021/03/21
Ghislarengo;002062;-1;3;3.5;2021/03/21
Gattinara;002061;-1;29;3.7100000381469727;2021/03/21
Formigliana;002059;-1;19;37.70000076293945;2021/03/21
Fontanetto Po;002058;-1;7;6.349999904632568;2021/03/21
Fobello;002057;-1;0;0;2021/03/21
Desana;002054;-1;3;2.819999933242798;2021/03/21
Crova;002052;-1;0;0;2021/03/21
Crescentino;002049;-1;223;28.639999389648438;2021/03/21
Cravagliana;002048;-1;1;4;2021/03/21
Costanzana;002047;-1;3;3.9600000381469727;2021/03/21
Collobiano;002045;-1;1;11.359999656677246;2021/03/21
Civiasco;002043;-1;0;0;2021/03/21
Cigliano;002042;-1;26;5.869999885559082;2021/03/21
Cervatto;002041;-1;0;0;2021/03/21
San Giacomo Vercellese;002035;-1;0;0;2021/03/21
Casanova Elvo;002033;-1;0;0;2021/03/21
Carisio;002032;-1;8;9.930000305175781;2021/03/21
Caresanablot;002031;-1;9;8.010000228881836;2021/03/21
Caresana;002030;-1;3;2.8299999237060547;2021/03/21
Carcoforo;002029;-1;0;0;2021/03/21
Campertogno;002025;-1;0;0;2021/03/21
Buronzo;002021;-1;5;5.789999961853027;2021/03/21
Borgo Vercelli;002017;-1;7;3.109999895095825;2021/03/21
Borgosesia;002016;-1;64;5.090000152587891;2021/03/21
Borgo d'Ale;002015;-1;24;10.25;2021/03/21
Boccioleto;002014;-1;0;0;2021/03/21
Bianzè;002011;-1;23;12;2021/03/21
Balocco;002009;-1;0;0;2021/03/21
Balmuccia;002008;-1;0;0;2021/03/21
Asigliano Vercellese;002007;-1;8;5.550000190734863;2021/03/21
Arborio;002006;-1;1;1.159999966621399;2021/03/21
Alice Castello;002004;-1;34;13.180000305175781;2021/03/21
Albano Vercellese;002003;-1;2;6.230000019073486;2021/03/21
Alagna Valsesia;002002;-1;2;2.819999933242798;2021/03/21
Valchiusa;001318;-1;13;12.600000381469727;2021/03/21
Val di Chy;001317;-1;10;7.800000190734863;2021/03/21
Mappano;001316;-1;70;9.539999961853027;2021/03/21
Volvera;001315;-1;128;14.819999694824219;2021/03/21
Volpiano;001314;-1;167;10.8100004196167;2021/03/21
Viù;001313;-1;5;4.920000076293945;2021/03/21
Vistrorio;001312;-1;1;1.8799999952316284;2021/03/21
Vische;001311;-1;5;3.940000057220459;2021/03/21
Virle Piemonte;001310;-1;15;12.789999961853027;2021/03/21
Vinovo;001309;-1;145;9.569999694824219;2021/03/21
Villastellone;001308;-1;41;8.800000190734863;2021/03/21
Villar Perosa;001307;-1;44;10.869999885559082;2021/03/21
Villar Pellice;001306;-1;18;16.84000015258789;2021/03/21
Villar Focchiardo;001305;-1;9;4.579999923706055;2021/03/21
Villareggia;001304;-1;9;8.529999732971191;2021/03/21
Villar Dora;001303;-1;19;6.570000171661377;2021/03/21
Villarbasse;001302;-1;19;5.5;2021/03/21
Villanova Canavese;001301;-1;14;11.550000190734863;2021/03/21
Villafranca Piemonte;001300;-1;81;17.549999237060547;2021/03/21
Vigone;001299;-1;31;6;2021/03/21
Vidracco;001298;-1;3;5.679999828338623;2021/03/21
Vialfrè;001296;-1;0;0;2021/03/21
Vestignè;001295;-1;4;5.03000020980835;2021/03/21
Verrua Savoia;001294;-1;19;13.59000015258789;2021/03/21
Verolengo;001293;-1;72;14.869999885559082;2021/03/21
Venaria Reale;001292;-1;417;12.420000076293945;2021/03/21
Venaus;001291;-1;4;4.539999961853027;2021/03/21
Vauda Canavese;001290;-1;10;6.909999847412109;2021/03/21
Varisella;001289;-1;2;2.4100000858306885;2021/03/21
Valprato Soana;001288;-1;0;0;2021/03/21
Valperga;001287;-1;41;13.420000076293945;2021/03/21
Vallo Torinese;001286;-1;4;5.159999847412109;2021/03/21
Valgioie;001285;-1;1;1.0399999618530273;2021/03/21
Val della Torre;001284;-1;42;10.710000038146973;2021/03/21
Vaie;001283;-1;12;8.5;2021/03/21
Usseglio;001282;-1;2;9.949999809265137;2021/03/21
Usseaux;001281;-1;3;16.1299991607666;2021/03/21
Trofarello;001280;-1;87;8.010000228881836;2021/03/21
Traves;001279;-1;3;5.699999809265137;2021/03/21
Traversella;001278;-1;1;3.0899999141693115;2021/03/21
Trana;001276;-1;28;7.320000171661377;2021/03/21
Torre Pellice;001275;-1;36;7.849999904632568;2021/03/21
Torre Canavese;001274;-1;14;23.290000915527344;2021/03/21
Torrazza Piemonte;001273;-1;34;11.5;2021/03/21
Torino;001272;-1;6730;7.690000057220459;2021/03/21
Tavagnasco;001271;-1;7;8.8100004196167;2021/03/21
Susa;001270;-1;40;6.389999866485596;2021/03/21
Strambino;001269;-1;48;7.630000114440918;2021/03/21
Strambinello;001268;-1;4;14.8100004196167;2021/03/21
Sparone;001267;-1;6;6.190000057220459;2021/03/21
Settimo Vittone;001266;-1;7;4.570000171661377;2021/03/21
Settimo Torinese;001265;-1;530;11.279999732971191;2021/03/21
Settimo Rottaro;001264;-1;3;6.360000133514404;2021/03/21
Sestriere;001263;-1;5;5.349999904632568;2021/03/21
Sciolze;001262;-1;14;9.670000076293945;2021/03/21
Scarmagno;001261;-1;1;1.2000000476837158;2021/03/21
Scalenghe;001260;-1;33;10.050000190734863;2021/03/21
Sauze d'Oulx;001259;-1;2;1.8200000524520874;2021/03/21
Sauze di Cesana;001258;-1;1;4.050000190734863;2021/03/21
Santena;001257;-1;77;7.170000076293945;2021/03/21
Sant'Antonino di Susa;001256;-1;20;4.710000038146973;2021/03/21
Sant'Ambrogio di Torino;001255;-1;77;16.360000610351562;2021/03/21
San Secondo di Pinerolo;001254;-1;46;12.720000267028809;2021/03/21
San Sebastiano da Po;001253;-1;24;12.399999618530273;2021/03/21
San Raffaele Cimena;001252;-1;28;8.979999542236328;2021/03/21
San Ponso;001251;-1;3;11.859999656677246;2021/03/21
San Pietro Val Lemina;001250;-1;9;6.360000133514404;2021/03/21
San Mauro Torinese;001249;-1;143;7.559999942779541;2021/03/21
San Maurizio Canavese;001248;-1;141;13.670000076293945;2021/03/21
San Martino Canavese;001247;-1;8;9.789999961853027;2021/03/21
San Giusto Canavese;001246;-1;32;9.539999961853027;2021/03/21
San Giorio di Susa;001245;-1;5;5.170000076293945;2021/03/21
San Giorgio Canavese;001244;-1;41;15.970000267028809;2021/03/21
San Gillio;001243;-1;36;11.270000457763672;2021/03/21
San Germano Chisone;001242;-1;21;11.930000305175781;2021/03/21
Sangano;001241;-1;44;11.729999542236328;2021/03/21
San Francesco al Campo;001240;-1;51;10.390000343322754;2021/03/21
San Didero;001239;-1;5;9.260000228881836;2021/03/21
San Colombano Belmonte;001238;-1;1;2.819999933242798;2021/03/21
San Carlo Canavese;001237;-1;36;8.949999809265137;2021/03/21
San Benigno Canavese;001236;-1;71;11.770000457763672;2021/03/21
Samone;001235;-1;13;8.220000267028809;2021/03/21
Salza di Pinerolo;001234;-1;1;12.989999771118164;2021/03/21
Salerano Canavese;001233;-1;3;6.340000152587891;2021/03/21
Salbertrand;001232;-1;1;1.6200000047683716;2021/03/21
Salassa;001231;-1;15;8.109999656677246;2021/03/21
Rueglio;001230;-1;2;2.569999933242798;2021/03/21
Rubiana;001229;-1;19;8.010000228881836;2021/03/21
Rosta;001228;-1;37;7.460000038146973;2021/03/21
Roure;001227;-1;11;13.800000190734863;2021/03/21
Rorà;001226;-1;1;4.21999979019165;2021/03/21
Rondissone;001225;-1;26;13.779999732971191;2021/03/21
Ronco Canavese;001224;-1;0;0;2021/03/21
Romano Canavese;001223;-1;14;5.28000020980835;2021/03/21
Roletto;001222;-1;14;6.880000114440918;2021/03/21
Rocca Canavese;001221;-1;16;9.329999923706055;2021/03/21
Robassomero;001220;-1;40;13.050000190734863;2021/03/21
Rivoli;001219;-1;443;9.130000114440918;2021/03/21
Rivarossa;001218;-1;8;5.03000020980835;2021/03/21
Rivarolo Canavese;001217;-1;174;13.960000038146973;2021/03/21
Rivara;001216;-1;60;23.200000762939453;2021/03/21
Riva presso Chieri;001215;-1;34;7.159999847412109;2021/03/21
Rivalta di Torino;001214;-1;268;13.350000381469727;2021/03/21
Rivalba;001213;-1;6;5.199999809265137;2021/03/21
Ribordone;001212;-1;0;0;2021/03/21
Reano;001211;-1;21;11.84000015258789;2021/03/21
Quincinetto;001210;-1;3;2.9100000858306885;2021/03/21
Quassolo;001209;-1;2;5.800000190734863;2021/03/21
Quagliuzzo;001208;-1;4;12.079999923706055;2021/03/21
Pratiglione;001207;-1;17;33.06999969482422;2021/03/21
Prascorsano;001206;-1;9;11.949999809265137;2021/03/21
Prarostino;001205;-1;8;6.239999771118164;2021/03/21
Pramollo;001204;-1;2;8.930000305175781;2021/03/21
Pralormo;001203;-1;13;6.820000171661377;2021/03/21
Prali;001202;-1;2;8.369999885559082;2021/03/21
Pragelato;001201;-1;3;3.869999885559082;2021/03/21
Porte;001200;-1;15;14.510000228881836;2021/03/21
Pont-Canavese;001199;-1;23;6.989999771118164;2021/03/21
Pomaretto;001198;-1;19;18.790000915527344;2021/03/21
Poirino;001197;-1;68;6.53000020980835;2021/03/21
Piverone;001196;-1;7;5.130000114440918;2021/03/21
Piscina;001195;-1;26;7.71999979019165;2021/03/21
Piossasco;001194;-1;210;11.430000305175781;2021/03/21
Piobesi Torinese;001193;-1;35;9.199999809265137;2021/03/21
Pino Torinese;001192;-1;43;5.119999885559082;2021/03/21
Pinerolo;001191;-1;434;12.020000457763672;2021/03/21
Pinasca;001190;-1;46;15.65999984741211;2021/03/21
Pianezza;001189;-1;121;7.860000133514404;2021/03/21
Pessinetto;001188;-1;6;9.720000267028809;2021/03/21
Pertusio;001187;-1;8;10.550000190734863;2021/03/21
Perrero;001186;-1;26;40.310001373291016;2021/03/21
Perosa Canavese;001185;-1;5;9.619999885559082;2021/03/21
Perosa Argentina;001184;-1;50;15.770000457763672;2021/03/21
Pecetto Torinese;001183;-1;25;6.179999828338623;2021/03/21
Pavone Canavese;001181;-1;40;10.399999618530273;2021/03/21
Pavarolo;001180;-1;4;3.5199999809265137;2021/03/21
Parella;001179;-1;8;18.600000381469727;2021/03/21
Pancalieri;001178;-1;15;7.170000076293945;2021/03/21
Palazzo Canavese;001177;-1;4;4.78000020980835;2021/03/21
Ozegna;001176;-1;6;4.889999866485596;2021/03/21
Oulx;001175;-1;7;2.0799999237060547;2021/03/21
Osasio;001174;-1;11;12;2021/03/21
Osasco;001173;-1;12;10.40999984741211;2021/03/21
Orio Canavese;001172;-1;8;10.34000015258789;2021/03/21
Orbassano;001171;-1;313;13.399999618530273;2021/03/21
Oglianico;001170;-1;18;12.09000015258789;2021/03/21
Novalesa;001169;-1;4;7.429999828338623;2021/03/21
None;001168;-1;133;16.579999923706055;2021/03/21
Nomaglio;001167;-1;0;0;2021/03/21
Nole;001166;-1;90;13.199999809265137;2021/03/21
Noasca;001165;-1;0;0;2021/03/21
Nichelino;001164;-1;482;10.149999618530273;2021/03/21
Moriondo Torinese;001163;-1;2;2.369999885559082;2021/03/21
Monteu da Po;001162;-1;18;21.079999923706055;2021/03/21
Montanaro;001161;-1;56;10.8100004196167;2021/03/21
Montalto Dora;001160;-1;26;7.639999866485596;2021/03/21
Montalenghe;001159;-1;5;5.019999980926514;2021/03/21
Montaldo Torinese;001158;-1;2;2.7799999713897705;2021/03/21
Moncenisio;001157;-1;0;0;2021/03/21
Moncalieri;001156;-1;453;7.869999885559082;2021/03/21
Monastero di Lanzo;001155;-1;2;5.78000020980835;2021/03/21
Mompantero;001154;-1;3;4.619999885559082;2021/03/21
Mombello di Torino;001153;-1;0;0;2021/03/21
Mezzenile;001152;-1;15;18.81999969482422;2021/03/21
Mercenasco;001150;-1;3;2.440000057220459;2021/03/21
Meana di Susa;001149;-1;3;3.809999942779541;2021/03/21
Mazzè;001148;-1;46;11.109999656677246;2021/03/21
Mattie;001147;-1;6;8.970000267028809;2021/03/21
Mathi;001146;-1;56;14.5600004196167;2021/03/21
Massello;001145;-1;1;18.520000457763672;2021/03/21
Marentino;001144;-1;10;7.659999847412109;2021/03/21
Maglione;001143;-1;2;4.800000190734863;2021/03/21
Macello;001142;-1;17;14.539999961853027;2021/03/21
Lusigliè;001141;-1;9;15.819999694824219;2021/03/21
Lusernetta;001140;-1;2;4.03000020980835;2021/03/21
Luserna San Giovanni;001139;-1;71;9.800000190734863;2021/03/21
Loranzè;001137;-1;9;7.71999979019165;2021/03/21
Lombriasco;001136;-1;1;0.9599999785423279;2021/03/21
Lombardore;001135;-1;6;3.4600000381469727;2021/03/21
Locana;001134;-1;11;7.650000095367432;2021/03/21
Levone;001133;-1;9;20.360000610351562;2021/03/21
Lessolo;001132;-1;24;13.1899995803833;2021/03/21
Lemie;001131;-1;0;0;2021/03/21
Leini;001130;-1;136;8.260000228881836;2021/03/21
Lauriano;001129;-1;6;4.179999828338623;2021/03/21
Lanzo Torinese;001128;-1;45;8.970000267028809;2021/03/21
La Loggia;001127;-1;125;14.130000114440918;2021/03/21
La Cassa;001126;-1;17;9.430000305175781;2021/03/21
Ivrea;001125;-1;201;8.569999694824219;2021/03/21
Issiglio;001124;-1;5;12.920000076293945;2021/03/21
Isolabella;001123;-1;0;0;2021/03/21
Inverso Pinasca;001122;-1;15;21.3700008392334;2021/03/21
Ingria;001121;-1;0;0;2021/03/21
Grugliasco;001120;-1;336;8.9399995803833;2021/03/21
Grosso;001119;-1;6;5.849999904632568;2021/03/21
Groscavallo;001118;-1;0;0;2021/03/21
Gravere;001117;-1;4;5.920000076293945;2021/03/21
Givoletto;001116;-1;20;5.079999923706055;2021/03/21
Giaveno;001115;-1;133;8.119999885559082;2021/03/21
Giaglione;001114;-1;3;4.929999828338623;2021/03/21
Germagnano;001113;-1;3;2.569999933242798;2021/03/21
Gassino Torinese;001112;-1;96;10.039999961853027;2021/03/21
Garzigliana;001111;-1;4;7.25;2021/03/21
Frossasco;001110;-1;24;8.369999885559082;2021/03/21
Front;001109;-1;18;10.970000267028809;2021/03/21
Frassinetto;001108;-1;1;3.569999933242798;2021/03/21
Forno Canavese;001107;-1;62;18.59000015258789;2021/03/21
Foglizzo;001106;-1;5;2.1600000858306885;2021/03/21
Fiorano Canavese;001105;-1;14;18.209999084472656;2021/03/21
Fiano;001104;-1;23;8.619999885559082;2021/03/21
Fenestrelle;001103;-1;4;7.840000152587891;2021/03/21
Feletto;001102;-1;41;18.100000381469727;2021/03/21
Favria;001101;-1;65;12.390000343322754;2021/03/21
Exilles;001100;-1;0;0;2021/03/21
Druento;001099;-1;51;5.75;2021/03/21
Cuorgnè;001098;-1;87;8.989999771118164;2021/03/21
Cumiana;001097;-1;61;7.730000019073486;2021/03/21
Cuceglio;001096;-1;17;17.190000534057617;2021/03/21
Cossano Canavese;001095;-1;4;8.229999542236328;2021/03/21
Corio;001094;-1;35;10.90999984741211;2021/03/21
Condove;001093;-1;27;5.869999885559082;2021/03/21
Colleretto Giacosa;001092;-1;4;6.980000019073486;2021/03/21
Colleretto Castelnuovo;001091;-1;5;15.819999694824219;2021/03/21
Collegno;001090;-1;381;7.670000076293945;2021/03/21
Coazze;001089;-1;18;5.559999942779541;2021/03/21
Coassolo Torinese;001088;-1;10;6.679999828338623;2021/03/21
Claviere;001087;-1;0;0;2021/03/21
Ciriè;001086;-1;165;8.880000114440918;2021/03/21
Cinzano;001085;-1;7;21.209999084472656;2021/03/21
Cintano;001084;-1;8;31.75;2021/03/21
Ciconio;001083;-1;9;23.200000762939453;2021/03/21
Chivasso;001082;-1;225;8.359999656677246;2021/03/21
Chiusa di San Michele;001081;-1;6;3.700000047683716;2021/03/21
Chiomonte;001080;-1;1;1.1299999952316284;2021/03/21
Chiesanuova;001079;-1;0;0;2021/03/21
Chieri;001078;-1;187;5.059999942779541;2021/03/21
Chiaverano;001077;-1;3;1.4600000381469727;2021/03/21
Chianocco;001076;-1;11;6.820000171661377;2021/03/21
Chialamberto;001075;-1;0;0;2021/03/21
Cesana Torinese;001074;-1;6;6.360000133514404;2021/03/21
Ceresole Reale;001073;-1;0;0;2021/03/21
Ceres;001072;-1;4;3.8299999237060547;2021/03/21
Cercenasco;001071;-1;8;4.420000076293945;2021/03/21
Cavour;001070;-1;69;12.5600004196167;2021/03/21
Cavagnolo;001069;-1;10;4.860000133514404;2021/03/21
Castiglione Torinese;001068;-1;48;7.380000114440918;2021/03/21
Castelnuovo Nigra;001067;-1;3;6.980000019073486;2021/03/21
Castellamonte;001066;-1;130;13.069999694824219;2021/03/21
Castagnole Piemonte;001065;-1;36;16.040000915527344;2021/03/21
Castagneto Po;001064;-1;16;8.979999542236328;2021/03/21
Caselle Torinese;001063;-1;130;9.3100004196167;2021/03/21
Caselette;001062;-1;32;10.5600004196167;2021/03/21
Cascinette d'Ivrea;001061;-1;9;5.960000038146973;2021/03/21
Casalborgone;001060;-1;26;13.779999732971191;2021/03/21
Carmagnola;001059;-1;238;8.220000267028809;2021/03/21
Carignano;001058;-1;65;7.010000228881836;2021/03/21
Carema;001057;-1;2;2.5899999141693115;2021/03/21
Caravino;001056;-1;0;0;2021/03/21
Caprie;001055;-1;6;2.880000114440918;2021/03/21
Cantoira;001054;-1;3;5.210000038146973;2021/03/21
Cantalupa;001053;-1;19;7.25;2021/03/21
Canischio;001052;-1;4;14.4399995803833;2021/03/21
Candiolo;001051;-1;45;7.989999771118164;2021/03/21
Candia Canavese;001050;-1;13;10.550000190734863;2021/03/21
Campiglione Fenile;001049;-1;12;8.949999809265137;2021/03/21
Cambiano;001048;-1;45;7.53000020980835;2021/03/21
Caluso;001047;-1;58;7.690000057220459;2021/03/21
Cafasse;001046;-1;54;15.8100004196167;2021/03/21
Buttigliera Alta;001045;-1;123;19.200000762939453;2021/03/21
Bussoleno;001044;-1;39;6.559999942779541;2021/03/21
Busano;001043;-1;16;9.779999732971191;2021/03/21
Burolo;001042;-1;11;9.619999885559082;2021/03/21
Buriasco;001041;-1;15;11.100000381469727;2021/03/21
Bruzolo;001040;-1;10;6.550000190734863;2021/03/21
Brusasco;001039;-1;17;11.130000114440918;2021/03/21
Bruino;001038;-1;85;9.770000457763672;2021/03/21
Brozolo;001037;-1;2;4.590000152587891;2021/03/21
Brosso;001036;-1;5;12.6899995803833;2021/03/21
Bricherasio;001035;-1;50;10.829999923706055;2021/03/21
Brandizzo;001034;-1;92;10.529999732971191;2021/03/21
Bosconero;001033;-1;45;14.359999656677246;2021/03/21
Borgone Susa;001032;-1;13;5.889999866485596;2021/03/21
Borgomasino;001031;-1;2;2.5399999618530273;2021/03/21
Borgofranco d'Ivrea;001030;-1;21;5.71999979019165;2021/03/21
Borgiallo;001029;-1;5;8.5;2021/03/21
Borgaro Torinese;001028;-1;153;12.84000015258789;2021/03/21
Bollengo;001027;-1;20;9.229999542236328;2021/03/21
Bobbio Pellice;001026;-1;1;1.8300000429153442;2021/03/21
Bibiana;001025;-1;53;15.300000190734863;2021/03/21
Beinasco;001024;-1;181;10.09000015258789;2021/03/21
Barone Canavese;001023;-1;5;8.489999771118164;2021/03/21
Bardonecchia;001022;-1;17;5.400000095367432;2021/03/21
Barbania;001021;-1;8;4.989999771118164;2021/03/21
Banchette;001020;-1;40;12.350000381469727;2021/03/21
Balme;001019;-1;2;18.020000457763672;2021/03/21
Baldissero Torinese;001018;-1;23;6.25;2021/03/21
Baldissero Canavese;001017;-1;3;5.539999961853027;2021/03/21
Balangero;001016;-1;45;14.229999542236328;2021/03/21
Bairo;001015;-1;17;21.25;2021/03/21
Azeglio;001014;-1;9;7.150000095367432;2021/03/21
Avigliana;001013;-1;170;13.529999732971191;2021/03/21
Arignano;001012;-1;6;5.579999923706055;2021/03/21
Angrogna;001011;-1;6;6.949999809265137;2021/03/21
Andrate;001010;-1;3;6.010000228881836;2021/03/21
Andezeno;001009;-1;17;8.449999809265137;2021/03/21
Alpignano;001008;-1;134;8.180000305175781;2021/03/21
Alpette;001007;-1;2;8.260000228881836;2021/03/21
Almese;001006;-1;53;8.3100004196167;2021/03/21
Albiano d'Ivrea;001004;-1;7;4.25;2021/03/21
Ala di Stura;001003;-1;2;4.420000076293945;2021/03/21
Airasca;001002;-1;40;10.869999885559082;2021/03/21
Agliè;001001;-1;29;11.010000228881836;2021/03/21
